experiment,scenario,family,algorithm,parameter_name,parameter_value,seed,horizon,final_regret,final_reward,final_optimal_arm_rate
adaptive_sweep,single_reversal,SW-TS,SW-TS W=2000,window,2000,62026,10000,178.71999999999997,1251.0,0.7015
adaptive_sweep,single_reversal,Adaptive-SW-TS,Adaptive threshold=0.02 cooldown=100,threshold_cooldown,0.02|100,62026,10000,348.53,1097.0,0.3596
adaptive_sweep,single_reversal,Adaptive-SW-TS,Adaptive threshold=0.02 cooldown=300,threshold_cooldown,0.02|300,62026,10000,341.21999999999997,1103.0,0.3959
adaptive_sweep,single_reversal,Adaptive-SW-TS,Adaptive threshold=0.02 cooldown=600,threshold_cooldown,0.02|600,62026,10000,346.99999999999994,1106.0,0.3637
adaptive_sweep,single_reversal,Adaptive-SW-TS,Adaptive threshold=0.04 cooldown=100,threshold_cooldown,0.04|100,62026,10000,243.38,1188.0,0.5527
adaptive_sweep,single_reversal,Adaptive-SW-TS,Adaptive threshold=0.04 cooldown=300,threshold_cooldown,0.04|300,62026,10000,272.65,1172.0,0.4653
adaptive_sweep,single_reversal,Adaptive-SW-TS,Adaptive threshold=0.04 cooldown=600,threshold_cooldown,0.04|600,62026,10000,306.09,1114.0,0.4448
adaptive_sweep,single_reversal,Adaptive-SW-TS,Adaptive threshold=0.06 cooldown=100,threshold_cooldown,0.06|100,62026,10000,226.86999999999998,1209.0,0.5654
adaptive_sweep,single_reversal,Adaptive-SW-TS,Adaptive threshold=0.06 cooldown=300,threshold_cooldown,0.06|300,62026,10000,221.66,1223.0,0.5961
adaptive_sweep,single_reversal,Adaptive-SW-TS,Adaptive threshold=0.06 cooldown=600,threshold_cooldown,0.06|600,62026,10000,275.35999999999996,1182.0,0.4783
adaptive_sweep,single_reversal,Adaptive-SW-TS,Adaptive threshold=0.08 cooldown=100,threshold_cooldown,0.08|100,62026,10000,211.57,1228.0,0.5722
adaptive_sweep,single_reversal,Adaptive-SW-TS,Adaptive threshold=0.08 cooldown=300,threshold_cooldown,0.08|300,62026,10000,211.57,1228.0,0.5722
adaptive_sweep,single_reversal,Adaptive-SW-TS,Adaptive threshold=0.08 cooldown=600,threshold_cooldown,0.08|600,62026,10000,211.57,1228.0,0.5722
adaptive_sweep,single_reversal,SW-TS,SW-TS W=2000,window,2000,62027,10000,217.17,1331.0,0.5773
adaptive_sweep,single_reversal,Adaptive-SW-TS,Adaptive threshold=0.02 cooldown=100,threshold_cooldown,0.02|100,62027,10000,311.28,1214.0,0.4444
adaptive_sweep,single_reversal,Adaptive-SW-TS,Adaptive threshold=0.02 cooldown=300,threshold_cooldown,0.02|300,62027,10000,292.43,1234.0,0.4659
adaptive_sweep,single_reversal,Adaptive-SW-TS,Adaptive threshold=0.02 cooldown=600,threshold_cooldown,0.02|600,62027,10000,291.67999999999995,1251.0,0.464
adaptive_sweep,single_reversal,Adaptive-SW-TS,Adaptive threshold=0.04 cooldown=100,threshold_cooldown,0.04|100,62027,10000,241.12999999999994,1284.0,0.5597
adaptive_sweep,single_reversal,Adaptive-SW-TS,Adaptive threshold=0.04 cooldown=300,threshold_cooldown,0.04|300,62027,10000,297.46999999999997,1221.0,0.4499
adaptive_sweep,single_reversal,Adaptive-SW-TS,Adaptive threshold=0.04 cooldown=600,threshold_cooldown,0.04|600,62027,10000,291.03,1216.0,0.4668
adaptive_sweep,single_reversal,Adaptive-SW-TS,Adaptive threshold=0.06 cooldown=100,threshold_cooldown,0.06|100,62027,10000,222.97,1300.0,0.5802
adaptive_sweep,single_reversal,Adaptive-SW-TS,Adaptive threshold=0.06 cooldown=300,threshold_cooldown,0.06|300,62027,10000,248.79999999999998,1277.0,0.5283
adaptive_sweep,single_reversal,Adaptive-SW-TS,Adaptive threshold=0.06 cooldown=600,threshold_cooldown,0.06|600,62027,10000,248.95,1281.0,0.5248
adaptive_sweep,single_reversal,Adaptive-SW-TS,Adaptive threshold=0.08 cooldown=100,threshold_cooldown,0.08|100,62027,10000,220.15,1313.0,0.5977
adaptive_sweep,single_reversal,Adaptive-SW-TS,Adaptive threshold=0.08 cooldown=300,threshold_cooldown,0.08|300,62027,10000,251.32,1270.0,0.4751
adaptive_sweep,single_reversal,Adaptive-SW-TS,Adaptive threshold=0.08 cooldown=600,threshold_cooldown,0.08|600,62027,10000,251.23999999999998,1273.0,0.4978
adaptive_sweep,single_reversal,SW-TS,SW-TS W=2000,window,2000,62028,10000,155.52999999999997,1308.0,0.7375
adaptive_sweep,single_reversal,Adaptive-SW-TS,Adaptive threshold=0.02 cooldown=100,threshold_cooldown,0.02|100,62028,10000,306.17,1162.0,0.4708
adaptive_sweep,single_reversal,Adaptive-SW-TS,Adaptive threshold=0.02 cooldown=300,threshold_cooldown,0.02|300,62028,10000,326.0,1138.0,0.4191
adaptive_sweep,single_reversal,Adaptive-SW-TS,Adaptive threshold=0.02 cooldown=600,threshold_cooldown,0.02|600,62028,10000,323.92999999999995,1129.0,0.4162
adaptive_sweep,single_reversal,Adaptive-SW-TS,Adaptive threshold=0.04 cooldown=100,threshold_cooldown,0.04|100,62028,10000,241.63,1209.0,0.5498
adaptive_sweep,single_reversal,Adaptive-SW-TS,Adaptive threshold=0.04 cooldown=300,threshold_cooldown,0.04|300,62028,10000,258.61,1207.0,0.4913
adaptive_sweep,single_reversal,Adaptive-SW-TS,Adaptive threshold=0.04 cooldown=600,threshold_cooldown,0.04|600,62028,10000,304.89,1157.0,0.4406
adaptive_sweep,single_reversal,Adaptive-SW-TS,Adaptive threshold=0.06 cooldown=100,threshold_cooldown,0.06|100,62028,10000,209.41999999999996,1245.0,0.6031
adaptive_sweep,single_reversal,Adaptive-SW-TS,Adaptive threshold=0.06 cooldown=300,threshold_cooldown,0.06|300,62028,10000,201.65999999999997,1258.0,0.6383
adaptive_sweep,single_reversal,Adaptive-SW-TS,Adaptive threshold=0.06 cooldown=600,threshold_cooldown,0.06|600,62028,10000,245.87999999999994,1200.0,0.5323
adaptive_sweep,single_reversal,Adaptive-SW-TS,Adaptive threshold=0.08 cooldown=100,threshold_cooldown,0.08|100,62028,10000,202.38,1245.0,0.6349
adaptive_sweep,single_reversal,Adaptive-SW-TS,Adaptive threshold=0.08 cooldown=300,threshold_cooldown,0.08|300,62028,10000,200.02999999999997,1270.0,0.6472
adaptive_sweep,single_reversal,Adaptive-SW-TS,Adaptive threshold=0.08 cooldown=600,threshold_cooldown,0.08|600,62028,10000,210.97999999999996,1240.0,0.6358
adaptive_sweep,single_reversal,SW-TS,SW-TS W=2000,window,2000,62029,10000,139.67,1315.0,0.7348
adaptive_sweep,single_reversal,Adaptive-SW-TS,Adaptive threshold=0.02 cooldown=100,threshold_cooldown,0.02|100,62029,10000,319.46999999999997,1153.0,0.448
adaptive_sweep,single_reversal,Adaptive-SW-TS,Adaptive threshold=0.02 cooldown=300,threshold_cooldown,0.02|300,62029,10000,325.72999999999996,1155.0,0.4328
adaptive_sweep,single_reversal,Adaptive-SW-TS,Adaptive threshold=0.02 cooldown=600,threshold_cooldown,0.02|600,62029,10000,361.83,1083.0,0.3553
adaptive_sweep,single_reversal,Adaptive-SW-TS,Adaptive threshold=0.04 cooldown=100,threshold_cooldown,0.04|100,62029,10000,245.98999999999998,1213.0,0.5413
adaptive_sweep,single_reversal,Adaptive-SW-TS,Adaptive threshold=0.04 cooldown=300,threshold_cooldown,0.04|300,62029,10000,281.9,1207.0,0.4807
adaptive_sweep,single_reversal,Adaptive-SW-TS,Adaptive threshold=0.04 cooldown=600,threshold_cooldown,0.04|600,62029,10000,279.44,1195.0,0.4637
adaptive_sweep,single_reversal,Adaptive-SW-TS,Adaptive threshold=0.06 cooldown=100,threshold_cooldown,0.06|100,62029,10000,217.92,1261.0,0.5447
adaptive_sweep,single_reversal,Adaptive-SW-TS,Adaptive threshold=0.06 cooldown=300,threshold_cooldown,0.06|300,62029,10000,236.44,1209.0,0.5558
adaptive_sweep,single_reversal,Adaptive-SW-TS,Adaptive threshold=0.06 cooldown=600,threshold_cooldown,0.06|600,62029,10000,248.55999999999997,1196.0,0.5235
adaptive_sweep,single_reversal,Adaptive-SW-TS,Adaptive threshold=0.08 cooldown=100,threshold_cooldown,0.08|100,62029,10000,205.59999999999997,1255.0,0.5652
adaptive_sweep,single_reversal,Adaptive-SW-TS,Adaptive threshold=0.08 cooldown=300,threshold_cooldown,0.08|300,62029,10000,232.00999999999996,1227.0,0.5484
adaptive_sweep,single_reversal,Adaptive-SW-TS,Adaptive threshold=0.08 cooldown=600,threshold_cooldown,0.08|600,62029,10000,270.09,1223.0,0.5039
adaptive_sweep,single_reversal,SW-TS,SW-TS W=2000,window,2000,62030,10000,155.07999999999998,1362.0,0.7294
adaptive_sweep,single_reversal,Adaptive-SW-TS,Adaptive threshold=0.02 cooldown=100,threshold_cooldown,0.02|100,62030,10000,309.12,1198.0,0.4075
adaptive_sweep,single_reversal,Adaptive-SW-TS,Adaptive threshold=0.02 cooldown=300,threshold_cooldown,0.02|300,62030,10000,298.13,1210.0,0.454
adaptive_sweep,single_reversal,Adaptive-SW-TS,Adaptive threshold=0.02 cooldown=600,threshold_cooldown,0.02|600,62030,10000,317.28,1189.0,0.4254
adaptive_sweep,single_reversal,Adaptive-SW-TS,Adaptive threshold=0.04 cooldown=100,threshold_cooldown,0.04|100,62030,10000,207.78999999999996,1310.0,0.6194
adaptive_sweep,single_reversal,Adaptive-SW-TS,Adaptive threshold=0.04 cooldown=300,threshold_cooldown,0.04|300,62030,10000,272.97999999999996,1240.0,0.4614
adaptive_sweep,single_reversal,Adaptive-SW-TS,Adaptive threshold=0.04 cooldown=600,threshold_cooldown,0.04|600,62030,10000,264.11,1245.0,0.483
adaptive_sweep,single_reversal,Adaptive-SW-TS,Adaptive threshold=0.06 cooldown=100,threshold_cooldown,0.06|100,62030,10000,207.05999999999995,1291.0,0.6083
adaptive_sweep,single_reversal,Adaptive-SW-TS,Adaptive threshold=0.06 cooldown=300,threshold_cooldown,0.06|300,62030,10000,211.16999999999996,1311.0,0.5801
adaptive_sweep,single_reversal,Adaptive-SW-TS,Adaptive threshold=0.06 cooldown=600,threshold_cooldown,0.06|600,62030,10000,248.87999999999994,1259.0,0.5235
adaptive_sweep,single_reversal,Adaptive-SW-TS,Adaptive threshold=0.08 cooldown=100,threshold_cooldown,0.08|100,62030,10000,224.24999999999997,1274.0,0.5575
adaptive_sweep,single_reversal,Adaptive-SW-TS,Adaptive threshold=0.08 cooldown=300,threshold_cooldown,0.08|300,62030,10000,222.34999999999997,1296.0,0.5897
adaptive_sweep,single_reversal,Adaptive-SW-TS,Adaptive threshold=0.08 cooldown=600,threshold_cooldown,0.08|600,62030,10000,234.86999999999995,1276.0,0.5591
adaptive_sweep,single_reversal,SW-TS,SW-TS W=2000,window,2000,62031,10000,196.61999999999998,1329.0,0.6122
adaptive_sweep,single_reversal,Adaptive-SW-TS,Adaptive threshold=0.02 cooldown=100,threshold_cooldown,0.02|100,62031,10000,309.03999999999996,1188.0,0.4343
adaptive_sweep,single_reversal,Adaptive-SW-TS,Adaptive threshold=0.02 cooldown=300,threshold_cooldown,0.02|300,62031,10000,328.03,1179.0,0.4001
adaptive_sweep,single_reversal,Adaptive-SW-TS,Adaptive threshold=0.02 cooldown=600,threshold_cooldown,0.02|600,62031,10000,314.93999999999994,1201.0,0.4226
adaptive_sweep,single_reversal,Adaptive-SW-TS,Adaptive threshold=0.04 cooldown=100,threshold_cooldown,0.04|100,62031,10000,249.92999999999995,1257.0,0.5464
adaptive_sweep,single_reversal,Adaptive-SW-TS,Adaptive threshold=0.04 cooldown=300,threshold_cooldown,0.04|300,62031,10000,270.86,1223.0,0.4719
adaptive_sweep,single_reversal,Adaptive-SW-TS,Adaptive threshold=0.04 cooldown=600,threshold_cooldown,0.04|600,62031,10000,291.0199999999999,1223.0,0.4981
adaptive_sweep,single_reversal,Adaptive-SW-TS,Adaptive threshold=0.06 cooldown=100,threshold_cooldown,0.06|100,62031,10000,173.65999999999997,1343.0,0.6569
adaptive_sweep,single_reversal,Adaptive-SW-TS,Adaptive threshold=0.06 cooldown=300,threshold_cooldown,0.06|300,62031,10000,221.29999999999998,1285.0,0.6134
adaptive_sweep,single_reversal,Adaptive-SW-TS,Adaptive threshold=0.06 cooldown=600,threshold_cooldown,0.06|600,62031,10000,258.41999999999996,1242.0,0.5349
adaptive_sweep,single_reversal,Adaptive-SW-TS,Adaptive threshold=0.08 cooldown=100,threshold_cooldown,0.08|100,62031,10000,208.25,1305.0,0.613
adaptive_sweep,single_reversal,Adaptive-SW-TS,Adaptive threshold=0.08 cooldown=300,threshold_cooldown,0.08|300,62031,10000,227.82000000000002,1285.0,0.5399
adaptive_sweep,single_reversal,Adaptive-SW-TS,Adaptive threshold=0.08 cooldown=600,threshold_cooldown,0.08|600,62031,10000,222.20999999999998,1305.0,0.591
adaptive_sweep,single_reversal,SW-TS,SW-TS W=2000,window,2000,62032,10000,212.48999999999998,1256.0,0.6199
adaptive_sweep,single_reversal,Adaptive-SW-TS,Adaptive threshold=0.02 cooldown=100,threshold_cooldown,0.02|100,62032,10000,315.9,1174.0,0.4392
adaptive_sweep,single_reversal,Adaptive-SW-TS,Adaptive threshold=0.02 cooldown=300,threshold_cooldown,0.02|300,62032,10000,314.88,1199.0,0.4087
adaptive_sweep,single_reversal,Adaptive-SW-TS,Adaptive threshold=0.02 cooldown=600,threshold_cooldown,0.02|600,62032,10000,337.28999999999996,1164.0,0.3653
adaptive_sweep,single_reversal,Adaptive-SW-TS,Adaptive threshold=0.04 cooldown=100,threshold_cooldown,0.04|100,62032,10000,212.98999999999998,1233.0,0.6305
adaptive_sweep,single_reversal,Adaptive-SW-TS,Adaptive threshold=0.04 cooldown=300,threshold_cooldown,0.04|300,62032,10000,317.71,1142.0,0.4088
adaptive_sweep,single_reversal,Adaptive-SW-TS,Adaptive threshold=0.04 cooldown=600,threshold_cooldown,0.04|600,62032,10000,315.26,1159.0,0.411
adaptive_sweep,single_reversal,Adaptive-SW-TS,Adaptive threshold=0.06 cooldown=100,threshold_cooldown,0.06|100,62032,10000,207.91999999999996,1280.0,0.5881
adaptive_sweep,single_reversal,Adaptive-SW-TS,Adaptive threshold=0.06 cooldown=300,threshold_cooldown,0.06|300,62032,10000,229.83999999999997,1247.0,0.5408
adaptive_sweep,single_reversal,Adaptive-SW-TS,Adaptive threshold=0.06 cooldown=600,threshold_cooldown,0.06|600,62032,10000,241.97999999999996,1237.0,0.5402
adaptive_sweep,single_reversal,Adaptive-SW-TS,Adaptive threshold=0.08 cooldown=100,threshold_cooldown,0.08|100,62032,10000,212.04999999999998,1283.0,0.5997
adaptive_sweep,single_reversal,Adaptive-SW-TS,Adaptive threshold=0.08 cooldown=300,threshold_cooldown,0.08|300,62032,10000,232.42999999999998,1261.0,0.5546
adaptive_sweep,single_reversal,Adaptive-SW-TS,Adaptive threshold=0.08 cooldown=600,threshold_cooldown,0.08|600,62032,10000,236.78999999999996,1263.0,0.546
adaptive_sweep,single_reversal,SW-TS,SW-TS W=2000,window,2000,62033,10000,208.10999999999999,1311.0,0.5855
adaptive_sweep,single_reversal,Adaptive-SW-TS,Adaptive threshold=0.02 cooldown=100,threshold_cooldown,0.02|100,62033,10000,334.65999999999997,1200.0,0.3843
adaptive_sweep,single_reversal,Adaptive-SW-TS,Adaptive threshold=0.02 cooldown=300,threshold_cooldown,0.02|300,62033,10000,347.78,1185.0,0.3642
adaptive_sweep,single_reversal,Adaptive-SW-TS,Adaptive threshold=0.02 cooldown=600,threshold_cooldown,0.02|600,62033,10000,352.78,1179.0,0.3696
adaptive_sweep,single_reversal,Adaptive-SW-TS,Adaptive threshold=0.04 cooldown=100,threshold_cooldown,0.04|100,62033,10000,267.18,1254.0,0.4826
adaptive_sweep,single_reversal,Adaptive-SW-TS,Adaptive threshold=0.04 cooldown=300,threshold_cooldown,0.04|300,62033,10000,307.42999999999995,1211.0,0.4441
adaptive_sweep,single_reversal,Adaptive-SW-TS,Adaptive threshold=0.04 cooldown=600,threshold_cooldown,0.04|600,62033,10000,341.53999999999996,1183.0,0.3628
adaptive_sweep,single_reversal,Adaptive-SW-TS,Adaptive threshold=0.06 cooldown=100,threshold_cooldown,0.06|100,62033,10000,252.47999999999996,1274.0,0.4932
adaptive_sweep,single_reversal,Adaptive-SW-TS,Adaptive threshold=0.06 cooldown=300,threshold_cooldown,0.06|300,62033,10000,269.22999999999996,1255.0,0.4749
adaptive_sweep,single_reversal,Adaptive-SW-TS,Adaptive threshold=0.06 cooldown=600,threshold_cooldown,0.06|600,62033,10000,278.7,1233.0,0.4986
adaptive_sweep,single_reversal,Adaptive-SW-TS,Adaptive threshold=0.08 cooldown=100,threshold_cooldown,0.08|100,62033,10000,283.08,1230.0,0.4392
adaptive_sweep,single_reversal,Adaptive-SW-TS,Adaptive threshold=0.08 cooldown=300,threshold_cooldown,0.08|300,62033,10000,195.79999999999998,1322.0,0.6261
adaptive_sweep,single_reversal,Adaptive-SW-TS,Adaptive threshold=0.08 cooldown=600,threshold_cooldown,0.08|600,62033,10000,282.41999999999996,1253.0,0.4468
adaptive_sweep,single_reversal,SW-TS,SW-TS W=2000,window,2000,62034,10000,169.10999999999996,1341.0,0.6645
adaptive_sweep,single_reversal,Adaptive-SW-TS,Adaptive threshold=0.02 cooldown=100,threshold_cooldown,0.02|100,62034,10000,269.65999999999997,1254.0,0.5187
adaptive_sweep,single_reversal,Adaptive-SW-TS,Adaptive threshold=0.02 cooldown=300,threshold_cooldown,0.02|300,62034,10000,347.08,1157.0,0.3645
adaptive_sweep,single_reversal,Adaptive-SW-TS,Adaptive threshold=0.02 cooldown=600,threshold_cooldown,0.02|600,62034,10000,333.82,1182.0,0.4034
adaptive_sweep,single_reversal,Adaptive-SW-TS,Adaptive threshold=0.04 cooldown=100,threshold_cooldown,0.04|100,62034,10000,279.43999999999994,1240.0,0.4752
adaptive_sweep,single_reversal,Adaptive-SW-TS,Adaptive threshold=0.04 cooldown=300,threshold_cooldown,0.04|300,62034,10000,278.04999999999995,1236.0,0.5001
adaptive_sweep,single_reversal,Adaptive-SW-TS,Adaptive threshold=0.04 cooldown=600,threshold_cooldown,0.04|600,62034,10000,297.17999999999995,1218.0,0.4655
adaptive_sweep,single_reversal,Adaptive-SW-TS,Adaptive threshold=0.06 cooldown=100,threshold_cooldown,0.06|100,62034,10000,226.93999999999997,1283.0,0.5516
adaptive_sweep,single_reversal,Adaptive-SW-TS,Adaptive threshold=0.06 cooldown=300,threshold_cooldown,0.06|300,62034,10000,238.28999999999996,1284.0,0.5655
adaptive_sweep,single_reversal,Adaptive-SW-TS,Adaptive threshold=0.06 cooldown=600,threshold_cooldown,0.06|600,62034,10000,277.34,1220.0,0.4738
adaptive_sweep,single_reversal,Adaptive-SW-TS,Adaptive threshold=0.08 cooldown=100,threshold_cooldown,0.08|100,62034,10000,194.65999999999997,1309.0,0.6165
adaptive_sweep,single_reversal,Adaptive-SW-TS,Adaptive threshold=0.08 cooldown=300,threshold_cooldown,0.08|300,62034,10000,194.65999999999997,1309.0,0.6165
adaptive_sweep,single_reversal,Adaptive-SW-TS,Adaptive threshold=0.08 cooldown=600,threshold_cooldown,0.08|600,62034,10000,194.65999999999997,1309.0,0.6165
adaptive_sweep,single_reversal,SW-TS,SW-TS W=2000,window,2000,62035,10000,146.62,1335.0,0.7354
adaptive_sweep,single_reversal,Adaptive-SW-TS,Adaptive threshold=0.02 cooldown=100,threshold_cooldown,0.02|100,62035,10000,314.71999999999997,1160.0,0.4145
adaptive_sweep,single_reversal,Adaptive-SW-TS,Adaptive threshold=0.02 cooldown=300,threshold_cooldown,0.02|300,62035,10000,320.15999999999997,1152.0,0.4066
adaptive_sweep,single_reversal,Adaptive-SW-TS,Adaptive threshold=0.02 cooldown=600,threshold_cooldown,0.02|600,62035,10000,343.7699999999999,1135.0,0.3706
adaptive_sweep,single_reversal,Adaptive-SW-TS,Adaptive threshold=0.04 cooldown=100,threshold_cooldown,0.04|100,62035,10000,250.26999999999995,1232.0,0.5292
adaptive_sweep,single_reversal,Adaptive-SW-TS,Adaptive threshold=0.04 cooldown=300,threshold_cooldown,0.04|300,62035,10000,288.03999999999996,1208.0,0.4673
adaptive_sweep,single_reversal,Adaptive-SW-TS,Adaptive threshold=0.04 cooldown=600,threshold_cooldown,0.04|600,62035,10000,262.34000000000003,1214.0,0.4912
adaptive_sweep,single_reversal,Adaptive-SW-TS,Adaptive threshold=0.06 cooldown=100,threshold_cooldown,0.06|100,62035,10000,220.39999999999998,1264.0,0.5479
adaptive_sweep,single_reversal,Adaptive-SW-TS,Adaptive threshold=0.06 cooldown=300,threshold_cooldown,0.06|300,62035,10000,230.26,1249.0,0.5659
adaptive_sweep,single_reversal,Adaptive-SW-TS,Adaptive threshold=0.06 cooldown=600,threshold_cooldown,0.06|600,62035,10000,234.89,1235.0,0.5586
adaptive_sweep,single_reversal,Adaptive-SW-TS,Adaptive threshold=0.08 cooldown=100,threshold_cooldown,0.08|100,62035,10000,225.01,1260.0,0.559
adaptive_sweep,single_reversal,Adaptive-SW-TS,Adaptive threshold=0.08 cooldown=300,threshold_cooldown,0.08|300,62035,10000,204.99999999999997,1291.0,0.6116
adaptive_sweep,single_reversal,Adaptive-SW-TS,Adaptive threshold=0.08 cooldown=600,threshold_cooldown,0.08|600,62035,10000,274.75,1217.0,0.4189
adaptive_sweep,single_reversal,SW-TS,SW-TS W=2000,window,2000,62036,10000,161.00999999999996,1303.0,0.7189
adaptive_sweep,single_reversal,Adaptive-SW-TS,Adaptive threshold=0.02 cooldown=100,threshold_cooldown,0.02|100,62036,10000,316.25,1124.0,0.4033
adaptive_sweep,single_reversal,Adaptive-SW-TS,Adaptive threshold=0.02 cooldown=300,threshold_cooldown,0.02|300,62036,10000,348.40999999999997,1113.0,0.3511
adaptive_sweep,single_reversal,Adaptive-SW-TS,Adaptive threshold=0.02 cooldown=600,threshold_cooldown,0.02|600,62036,10000,308.05999999999995,1186.0,0.4433
adaptive_sweep,single_reversal,Adaptive-SW-TS,Adaptive threshold=0.04 cooldown=100,threshold_cooldown,0.04|100,62036,10000,230.91999999999996,1220.0,0.5818
adaptive_sweep,single_reversal,Adaptive-SW-TS,Adaptive threshold=0.04 cooldown=300,threshold_cooldown,0.04|300,62036,10000,267.3399999999999,1226.0,0.4812
adaptive_sweep,single_reversal,Adaptive-SW-TS,Adaptive threshold=0.04 cooldown=600,threshold_cooldown,0.04|600,62036,10000,282.62,1162.0,0.4851
adaptive_sweep,single_reversal,Adaptive-SW-TS,Adaptive threshold=0.06 cooldown=100,threshold_cooldown,0.06|100,62036,10000,232.88,1244.0,0.5345
adaptive_sweep,single_reversal,Adaptive-SW-TS,Adaptive threshold=0.06 cooldown=300,threshold_cooldown,0.06|300,62036,10000,211.05999999999997,1261.0,0.5978
adaptive_sweep,single_reversal,Adaptive-SW-TS,Adaptive threshold=0.06 cooldown=600,threshold_cooldown,0.06|600,62036,10000,239.89999999999992,1221.0,0.5421
adaptive_sweep,single_reversal,Adaptive-SW-TS,Adaptive threshold=0.08 cooldown=100,threshold_cooldown,0.08|100,62036,10000,207.39,1260.0,0.612
adaptive_sweep,single_reversal,Adaptive-SW-TS,Adaptive threshold=0.08 cooldown=300,threshold_cooldown,0.08|300,62036,10000,192.36999999999998,1273.0,0.6251
adaptive_sweep,single_reversal,Adaptive-SW-TS,Adaptive threshold=0.08 cooldown=600,threshold_cooldown,0.08|600,62036,10000,198.78999999999996,1248.0,0.6293
adaptive_sweep,single_reversal,SW-TS,SW-TS W=2000,window,2000,62037,10000,158.39,1422.0,0.7209
adaptive_sweep,single_reversal,Adaptive-SW-TS,Adaptive threshold=0.02 cooldown=100,threshold_cooldown,0.02|100,62037,10000,313.11,1230.0,0.4244
adaptive_sweep,single_reversal,Adaptive-SW-TS,Adaptive threshold=0.02 cooldown=300,threshold_cooldown,0.02|300,62037,10000,320.17999999999995,1228.0,0.4369
adaptive_sweep,single_reversal,Adaptive-SW-TS,Adaptive threshold=0.02 cooldown=600,threshold_cooldown,0.02|600,62037,10000,326.63,1225.0,0.4135
adaptive_sweep,single_reversal,Adaptive-SW-TS,Adaptive threshold=0.04 cooldown=100,threshold_cooldown,0.04|100,62037,10000,233.93999999999997,1333.0,0.5308
adaptive_sweep,single_reversal,Adaptive-SW-TS,Adaptive threshold=0.04 cooldown=300,threshold_cooldown,0.04|300,62037,10000,252.53999999999996,1337.0,0.5462
adaptive_sweep,single_reversal,Adaptive-SW-TS,Adaptive threshold=0.04 cooldown=600,threshold_cooldown,0.04|600,62037,10000,326.28999999999996,1224.0,0.42
adaptive_sweep,single_reversal,Adaptive-SW-TS,Adaptive threshold=0.06 cooldown=100,threshold_cooldown,0.06|100,62037,10000,221.64,1349.0,0.5616
adaptive_sweep,single_reversal,Adaptive-SW-TS,Adaptive threshold=0.06 cooldown=300,threshold_cooldown,0.06|300,62037,10000,233.01,1330.0,0.5175
adaptive_sweep,single_reversal,Adaptive-SW-TS,Adaptive threshold=0.06 cooldown=600,threshold_cooldown,0.06|600,62037,10000,278.74,1297.0,0.4673
adaptive_sweep,single_reversal,Adaptive-SW-TS,Adaptive threshold=0.08 cooldown=100,threshold_cooldown,0.08|100,62037,10000,227.51999999999998,1334.0,0.5685
adaptive_sweep,single_reversal,Adaptive-SW-TS,Adaptive threshold=0.08 cooldown=300,threshold_cooldown,0.08|300,62037,10000,201.35999999999996,1373.0,0.6475
adaptive_sweep,single_reversal,Adaptive-SW-TS,Adaptive threshold=0.08 cooldown=600,threshold_cooldown,0.08|600,62037,10000,191.14,1380.0,0.6604
adaptive_sweep,single_reversal,SW-TS,SW-TS W=2000,window,2000,62038,10000,169.08999999999997,1369.0,0.7123
adaptive_sweep,single_reversal,Adaptive-SW-TS,Adaptive threshold=0.02 cooldown=100,threshold_cooldown,0.02|100,62038,10000,323.99,1192.0,0.4245
adaptive_sweep,single_reversal,Adaptive-SW-TS,Adaptive threshold=0.02 cooldown=300,threshold_cooldown,0.02|300,62038,10000,339.97999999999996,1192.0,0.3999
adaptive_sweep,single_reversal,Adaptive-SW-TS,Adaptive threshold=0.02 cooldown=600,threshold_cooldown,0.02|600,62038,10000,307.66999999999996,1203.0,0.4551
adaptive_sweep,single_reversal,Adaptive-SW-TS,Adaptive threshold=0.04 cooldown=100,threshold_cooldown,0.04|100,62038,10000,205.72999999999996,1310.0,0.6339
adaptive_sweep,single_reversal,Adaptive-SW-TS,Adaptive threshold=0.04 cooldown=300,threshold_cooldown,0.04|300,62038,10000,256.03999999999996,1254.0,0.5484
adaptive_sweep,single_reversal,Adaptive-SW-TS,Adaptive threshold=0.04 cooldown=600,threshold_cooldown,0.04|600,62038,10000,288.45,1227.0,0.4595
adaptive_sweep,single_reversal,Adaptive-SW-TS,Adaptive threshold=0.06 cooldown=100,threshold_cooldown,0.06|100,62038,10000,270.40999999999997,1251.0,0.5029
adaptive_sweep,single_reversal,Adaptive-SW-TS,Adaptive threshold=0.06 cooldown=300,threshold_cooldown,0.06|300,62038,10000,237.05999999999997,1277.0,0.5472
adaptive_sweep,single_reversal,Adaptive-SW-TS,Adaptive threshold=0.06 cooldown=600,threshold_cooldown,0.06|600,62038,10000,257.88,1257.0,0.5614
adaptive_sweep,single_reversal,Adaptive-SW-TS,Adaptive threshold=0.08 cooldown=100,threshold_cooldown,0.08|100,62038,10000,222.62999999999997,1296.0,0.5737
adaptive_sweep,single_reversal,Adaptive-SW-TS,Adaptive threshold=0.08 cooldown=300,threshold_cooldown,0.08|300,62038,10000,209.97999999999996,1317.0,0.6103
adaptive_sweep,single_reversal,Adaptive-SW-TS,Adaptive threshold=0.08 cooldown=600,threshold_cooldown,0.08|600,62038,10000,211.57999999999998,1292.0,0.6205
adaptive_sweep,single_reversal,SW-TS,SW-TS W=2000,window,2000,62039,10000,173.32999999999998,1363.0,0.7101
adaptive_sweep,single_reversal,Adaptive-SW-TS,Adaptive threshold=0.02 cooldown=100,threshold_cooldown,0.02|100,62039,10000,306.54999999999995,1246.0,0.4432
adaptive_sweep,single_reversal,Adaptive-SW-TS,Adaptive threshold=0.02 cooldown=300,threshold_cooldown,0.02|300,62039,10000,346.37,1192.0,0.3439
adaptive_sweep,single_reversal,Adaptive-SW-TS,Adaptive threshold=0.02 cooldown=600,threshold_cooldown,0.02|600,62039,10000,317.94999999999993,1216.0,0.4245
adaptive_sweep,single_reversal,Adaptive-SW-TS,Adaptive threshold=0.04 cooldown=100,threshold_cooldown,0.04|100,62039,10000,241.27999999999994,1308.0,0.5274
adaptive_sweep,single_reversal,Adaptive-SW-TS,Adaptive threshold=0.04 cooldown=300,threshold_cooldown,0.04|300,62039,10000,255.81999999999996,1283.0,0.5395
adaptive_sweep,single_reversal,Adaptive-SW-TS,Adaptive threshold=0.04 cooldown=600,threshold_cooldown,0.04|600,62039,10000,337.0,1206.0,0.3819
adaptive_sweep,single_reversal,Adaptive-SW-TS,Adaptive threshold=0.06 cooldown=100,threshold_cooldown,0.06|100,62039,10000,235.33999999999997,1291.0,0.5565
adaptive_sweep,single_reversal,Adaptive-SW-TS,Adaptive threshold=0.06 cooldown=300,threshold_cooldown,0.06|300,62039,10000,260.67999999999995,1267.0,0.5047
adaptive_sweep,single_reversal,Adaptive-SW-TS,Adaptive threshold=0.06 cooldown=600,threshold_cooldown,0.06|600,62039,10000,255.96999999999997,1263.0,0.5046
adaptive_sweep,single_reversal,Adaptive-SW-TS,Adaptive threshold=0.08 cooldown=100,threshold_cooldown,0.08|100,62039,10000,205.21999999999997,1324.0,0.6358
adaptive_sweep,single_reversal,Adaptive-SW-TS,Adaptive threshold=0.08 cooldown=300,threshold_cooldown,0.08|300,62039,10000,214.97999999999996,1325.0,0.587
adaptive_sweep,single_reversal,Adaptive-SW-TS,Adaptive threshold=0.08 cooldown=600,threshold_cooldown,0.08|600,62039,10000,235.69999999999996,1282.0,0.5579
adaptive_sweep,single_reversal,SW-TS,SW-TS W=2000,window,2000,62040,10000,166.48999999999998,1329.0,0.7133
adaptive_sweep,single_reversal,Adaptive-SW-TS,Adaptive threshold=0.02 cooldown=100,threshold_cooldown,0.02|100,62040,10000,296.2,1201.0,0.4624
adaptive_sweep,single_reversal,Adaptive-SW-TS,Adaptive threshold=0.02 cooldown=300,threshold_cooldown,0.02|300,62040,10000,305.74,1180.0,0.4161
adaptive_sweep,single_reversal,Adaptive-SW-TS,Adaptive threshold=0.02 cooldown=600,threshold_cooldown,0.02|600,62040,10000,312.30999999999995,1155.0,0.4211
adaptive_sweep,single_reversal,Adaptive-SW-TS,Adaptive threshold=0.04 cooldown=100,threshold_cooldown,0.04|100,62040,10000,234.88,1244.0,0.5566
adaptive_sweep,single_reversal,Adaptive-SW-TS,Adaptive threshold=0.04 cooldown=300,threshold_cooldown,0.04|300,62040,10000,292.90999999999997,1196.0,0.44
adaptive_sweep,single_reversal,Adaptive-SW-TS,Adaptive threshold=0.04 cooldown=600,threshold_cooldown,0.04|600,62040,10000,304.65,1162.0,0.4264
adaptive_sweep,single_reversal,Adaptive-SW-TS,Adaptive threshold=0.06 cooldown=100,threshold_cooldown,0.06|100,62040,10000,173.43999999999997,1287.0,0.6651
adaptive_sweep,single_reversal,Adaptive-SW-TS,Adaptive threshold=0.06 cooldown=300,threshold_cooldown,0.06|300,62040,10000,190.88,1287.0,0.6219
adaptive_sweep,single_reversal,Adaptive-SW-TS,Adaptive threshold=0.06 cooldown=600,threshold_cooldown,0.06|600,62040,10000,206.65999999999997,1265.0,0.5976
adaptive_sweep,single_reversal,Adaptive-SW-TS,Adaptive threshold=0.08 cooldown=100,threshold_cooldown,0.08|100,62040,10000,165.78999999999996,1304.0,0.7022
adaptive_sweep,single_reversal,Adaptive-SW-TS,Adaptive threshold=0.08 cooldown=300,threshold_cooldown,0.08|300,62040,10000,150.26,1330.0,0.7254
adaptive_sweep,single_reversal,Adaptive-SW-TS,Adaptive threshold=0.08 cooldown=600,threshold_cooldown,0.08|600,62040,10000,195.92999999999998,1279.0,0.6024
adaptive_sweep,single_reversal,SW-TS,SW-TS W=2000,window,2000,62041,10000,223.95999999999995,1325.0,0.5572
adaptive_sweep,single_reversal,Adaptive-SW-TS,Adaptive threshold=0.02 cooldown=100,threshold_cooldown,0.02|100,62041,10000,351.65999999999997,1197.0,0.3822
adaptive_sweep,single_reversal,Adaptive-SW-TS,Adaptive threshold=0.02 cooldown=300,threshold_cooldown,0.02|300,62041,10000,345.95,1192.0,0.3668
adaptive_sweep,single_reversal,Adaptive-SW-TS,Adaptive threshold=0.02 cooldown=600,threshold_cooldown,0.02|600,62041,10000,337.14,1211.0,0.3754
adaptive_sweep,single_reversal,Adaptive-SW-TS,Adaptive threshold=0.04 cooldown=100,threshold_cooldown,0.04|100,62041,10000,238.44,1303.0,0.5144
adaptive_sweep,single_reversal,Adaptive-SW-TS,Adaptive threshold=0.04 cooldown=300,threshold_cooldown,0.04|300,62041,10000,307.4,1257.0,0.4228
adaptive_sweep,single_reversal,Adaptive-SW-TS,Adaptive threshold=0.04 cooldown=600,threshold_cooldown,0.04|600,62041,10000,323.79999999999995,1234.0,0.3909
adaptive_sweep,single_reversal,Adaptive-SW-TS,Adaptive threshold=0.06 cooldown=100,threshold_cooldown,0.06|100,62041,10000,255.37999999999997,1292.0,0.4778
adaptive_sweep,single_reversal,Adaptive-SW-TS,Adaptive threshold=0.06 cooldown=300,threshold_cooldown,0.06|300,62041,10000,237.49999999999994,1311.0,0.5015
adaptive_sweep,single_reversal,Adaptive-SW-TS,Adaptive threshold=0.06 cooldown=600,threshold_cooldown,0.06|600,62041,10000,263.7,1281.0,0.4713
adaptive_sweep,single_reversal,Adaptive-SW-TS,Adaptive threshold=0.08 cooldown=100,threshold_cooldown,0.08|100,62041,10000,235.73,1292.0,0.4808
adaptive_sweep,single_reversal,Adaptive-SW-TS,Adaptive threshold=0.08 cooldown=300,threshold_cooldown,0.08|300,62041,10000,228.32999999999998,1320.0,0.5454
adaptive_sweep,single_reversal,Adaptive-SW-TS,Adaptive threshold=0.08 cooldown=600,threshold_cooldown,0.08|600,62041,10000,252.73999999999998,1287.0,0.4738
adaptive_sweep,single_reversal,SW-TS,SW-TS W=2000,window,2000,62042,10000,175.04,1390.0,0.7089
adaptive_sweep,single_reversal,Adaptive-SW-TS,Adaptive threshold=0.02 cooldown=100,threshold_cooldown,0.02|100,62042,10000,344.02,1235.0,0.3899
adaptive_sweep,single_reversal,Adaptive-SW-TS,Adaptive threshold=0.02 cooldown=300,threshold_cooldown,0.02|300,62042,10000,358.21999999999997,1203.0,0.3522
adaptive_sweep,single_reversal,Adaptive-SW-TS,Adaptive threshold=0.02 cooldown=600,threshold_cooldown,0.02|600,62042,10000,344.38999999999993,1208.0,0.3764
adaptive_sweep,single_reversal,Adaptive-SW-TS,Adaptive threshold=0.04 cooldown=100,threshold_cooldown,0.04|100,62042,10000,289.80999999999995,1247.0,0.436
adaptive_sweep,single_reversal,Adaptive-SW-TS,Adaptive threshold=0.04 cooldown=300,threshold_cooldown,0.04|300,62042,10000,321.21,1245.0,0.4314
adaptive_sweep,single_reversal,Adaptive-SW-TS,Adaptive threshold=0.04 cooldown=600,threshold_cooldown,0.04|600,62042,10000,330.58,1239.0,0.3783
adaptive_sweep,single_reversal,Adaptive-SW-TS,Adaptive threshold=0.06 cooldown=100,threshold_cooldown,0.06|100,62042,10000,238.72000000000003,1311.0,0.4868
adaptive_sweep,single_reversal,Adaptive-SW-TS,Adaptive threshold=0.06 cooldown=300,threshold_cooldown,0.06|300,62042,10000,207.80999999999997,1354.0,0.6054
adaptive_sweep,single_reversal,Adaptive-SW-TS,Adaptive threshold=0.06 cooldown=600,threshold_cooldown,0.06|600,62042,10000,237.40999999999997,1327.0,0.5743
adaptive_sweep,single_reversal,Adaptive-SW-TS,Adaptive threshold=0.08 cooldown=100,threshold_cooldown,0.08|100,62042,10000,215.95,1350.0,0.5413
adaptive_sweep,single_reversal,Adaptive-SW-TS,Adaptive threshold=0.08 cooldown=300,threshold_cooldown,0.08|300,62042,10000,214.08999999999997,1354.0,0.5467
adaptive_sweep,single_reversal,Adaptive-SW-TS,Adaptive threshold=0.08 cooldown=600,threshold_cooldown,0.08|600,62042,10000,216.98,1350.0,0.5522
adaptive_sweep,single_reversal,SW-TS,SW-TS W=2000,window,2000,62043,10000,185.70999999999998,1332.0,0.6794
adaptive_sweep,single_reversal,Adaptive-SW-TS,Adaptive threshold=0.02 cooldown=100,threshold_cooldown,0.02|100,62043,10000,301.36,1243.0,0.4557
adaptive_sweep,single_reversal,Adaptive-SW-TS,Adaptive threshold=0.02 cooldown=300,threshold_cooldown,0.02|300,62043,10000,319.65999999999997,1200.0,0.419
adaptive_sweep,single_reversal,Adaptive-SW-TS,Adaptive threshold=0.02 cooldown=600,threshold_cooldown,0.02|600,62043,10000,325.02,1201.0,0.4232
adaptive_sweep,single_reversal,Adaptive-SW-TS,Adaptive threshold=0.04 cooldown=100,threshold_cooldown,0.04|100,62043,10000,237.51999999999998,1291.0,0.5649
adaptive_sweep,single_reversal,Adaptive-SW-TS,Adaptive threshold=0.04 cooldown=300,threshold_cooldown,0.04|300,62043,10000,293.68999999999994,1228.0,0.4248
adaptive_sweep,single_reversal,Adaptive-SW-TS,Adaptive threshold=0.04 cooldown=600,threshold_cooldown,0.04|600,62043,10000,329.53,1186.0,0.402
adaptive_sweep,single_reversal,Adaptive-SW-TS,Adaptive threshold=0.06 cooldown=100,threshold_cooldown,0.06|100,62043,10000,194.07,1336.0,0.6303
adaptive_sweep,single_reversal,Adaptive-SW-TS,Adaptive threshold=0.06 cooldown=300,threshold_cooldown,0.06|300,62043,10000,219.54999999999998,1313.0,0.5782
adaptive_sweep,single_reversal,Adaptive-SW-TS,Adaptive threshold=0.06 cooldown=600,threshold_cooldown,0.06|600,62043,10000,290.84999999999997,1198.0,0.4365
adaptive_sweep,single_reversal,Adaptive-SW-TS,Adaptive threshold=0.08 cooldown=100,threshold_cooldown,0.08|100,62043,10000,217.95999999999998,1317.0,0.5749
adaptive_sweep,single_reversal,Adaptive-SW-TS,Adaptive threshold=0.08 cooldown=300,threshold_cooldown,0.08|300,62043,10000,207.08999999999997,1315.0,0.607
adaptive_sweep,single_reversal,Adaptive-SW-TS,Adaptive threshold=0.08 cooldown=600,threshold_cooldown,0.08|600,62043,10000,217.51999999999998,1310.0,0.605
adaptive_sweep,single_reversal,SW-TS,SW-TS W=2000,window,2000,62044,10000,186.01999999999998,1314.0,0.6431
adaptive_sweep,single_reversal,Adaptive-SW-TS,Adaptive threshold=0.02 cooldown=100,threshold_cooldown,0.02|100,62044,10000,292.87,1217.0,0.4585
adaptive_sweep,single_reversal,Adaptive-SW-TS,Adaptive threshold=0.02 cooldown=300,threshold_cooldown,0.02|300,62044,10000,336.93999999999994,1141.0,0.398
adaptive_sweep,single_reversal,Adaptive-SW-TS,Adaptive threshold=0.02 cooldown=600,threshold_cooldown,0.02|600,62044,10000,341.63,1148.0,0.3827
adaptive_sweep,single_reversal,Adaptive-SW-TS,Adaptive threshold=0.04 cooldown=100,threshold_cooldown,0.04|100,62044,10000,231.10999999999999,1274.0,0.5617
adaptive_sweep,single_reversal,Adaptive-SW-TS,Adaptive threshold=0.04 cooldown=300,threshold_cooldown,0.04|300,62044,10000,285.44999999999993,1207.0,0.4937
adaptive_sweep,single_reversal,Adaptive-SW-TS,Adaptive threshold=0.04 cooldown=600,threshold_cooldown,0.04|600,62044,10000,291.23999999999995,1205.0,0.4811
adaptive_sweep,single_reversal,Adaptive-SW-TS,Adaptive threshold=0.06 cooldown=100,threshold_cooldown,0.06|100,62044,10000,222.78999999999996,1285.0,0.5497
adaptive_sweep,single_reversal,Adaptive-SW-TS,Adaptive threshold=0.06 cooldown=300,threshold_cooldown,0.06|300,62044,10000,237.95999999999998,1256.0,0.5539
adaptive_sweep,single_reversal,Adaptive-SW-TS,Adaptive threshold=0.06 cooldown=600,threshold_cooldown,0.06|600,62044,10000,218.85999999999996,1287.0,0.5758
adaptive_sweep,single_reversal,Adaptive-SW-TS,Adaptive threshold=0.08 cooldown=100,threshold_cooldown,0.08|100,62044,10000,205.18999999999997,1302.0,0.6318
adaptive_sweep,single_reversal,Adaptive-SW-TS,Adaptive threshold=0.08 cooldown=300,threshold_cooldown,0.08|300,62044,10000,250.14999999999998,1257.0,0.5398
adaptive_sweep,single_reversal,Adaptive-SW-TS,Adaptive threshold=0.08 cooldown=600,threshold_cooldown,0.08|600,62044,10000,251.95,1254.0,0.517
adaptive_sweep,single_reversal,SW-TS,SW-TS W=2000,window,2000,62045,10000,144.68,1326.0,0.7287
adaptive_sweep,single_reversal,Adaptive-SW-TS,Adaptive threshold=0.02 cooldown=100,threshold_cooldown,0.02|100,62045,10000,306.29999999999995,1190.0,0.4458
adaptive_sweep,single_reversal,Adaptive-SW-TS,Adaptive threshold=0.02 cooldown=300,threshold_cooldown,0.02|300,62045,10000,308.09999999999997,1182.0,0.4471
adaptive_sweep,single_reversal,Adaptive-SW-TS,Adaptive threshold=0.02 cooldown=600,threshold_cooldown,0.02|600,62045,10000,313.2099999999999,1184.0,0.4509
adaptive_sweep,single_reversal,Adaptive-SW-TS,Adaptive threshold=0.04 cooldown=100,threshold_cooldown,0.04|100,62045,10000,258.22999999999996,1230.0,0.5364
adaptive_sweep,single_reversal,Adaptive-SW-TS,Adaptive threshold=0.04 cooldown=300,threshold_cooldown,0.04|300,62045,10000,286.64,1195.0,0.4669
adaptive_sweep,single_reversal,Adaptive-SW-TS,Adaptive threshold=0.04 cooldown=600,threshold_cooldown,0.04|600,62045,10000,339.71999999999997,1135.0,0.3453
adaptive_sweep,single_reversal,Adaptive-SW-TS,Adaptive threshold=0.06 cooldown=100,threshold_cooldown,0.06|100,62045,10000,192.79999999999998,1274.0,0.648
adaptive_sweep,single_reversal,Adaptive-SW-TS,Adaptive threshold=0.06 cooldown=300,threshold_cooldown,0.06|300,62045,10000,201.84999999999997,1282.0,0.619
adaptive_sweep,single_reversal,Adaptive-SW-TS,Adaptive threshold=0.06 cooldown=600,threshold_cooldown,0.06|600,62045,10000,267.78,1201.0,0.4875
adaptive_sweep,single_reversal,Adaptive-SW-TS,Adaptive threshold=0.08 cooldown=100,threshold_cooldown,0.08|100,62045,10000,199.17999999999998,1284.0,0.6147
adaptive_sweep,single_reversal,Adaptive-SW-TS,Adaptive threshold=0.08 cooldown=300,threshold_cooldown,0.08|300,62045,10000,203.40999999999997,1278.0,0.6315
adaptive_sweep,single_reversal,Adaptive-SW-TS,Adaptive threshold=0.08 cooldown=600,threshold_cooldown,0.08|600,62045,10000,222.7,1255.0,0.5656
adaptive_sweep,single_reversal,SW-TS,SW-TS W=2000,window,2000,62046,10000,138.44,1329.0,0.7727
adaptive_sweep,single_reversal,Adaptive-SW-TS,Adaptive threshold=0.02 cooldown=100,threshold_cooldown,0.02|100,62046,10000,282.74,1197.0,0.4922
adaptive_sweep,single_reversal,Adaptive-SW-TS,Adaptive threshold=0.02 cooldown=300,threshold_cooldown,0.02|300,62046,10000,326.97999999999996,1136.0,0.4122
adaptive_sweep,single_reversal,Adaptive-SW-TS,Adaptive threshold=0.02 cooldown=600,threshold_cooldown,0.02|600,62046,10000,324.98999999999995,1125.0,0.419
adaptive_sweep,single_reversal,Adaptive-SW-TS,Adaptive threshold=0.04 cooldown=100,threshold_cooldown,0.04|100,62046,10000,248.73999999999995,1214.0,0.4854
adaptive_sweep,single_reversal,Adaptive-SW-TS,Adaptive threshold=0.04 cooldown=300,threshold_cooldown,0.04|300,62046,10000,276.75,1187.0,0.4867
adaptive_sweep,single_reversal,Adaptive-SW-TS,Adaptive threshold=0.04 cooldown=600,threshold_cooldown,0.04|600,62046,10000,280.78999999999996,1190.0,0.4668
adaptive_sweep,single_reversal,Adaptive-SW-TS,Adaptive threshold=0.06 cooldown=100,threshold_cooldown,0.06|100,62046,10000,216.23999999999998,1243.0,0.566
adaptive_sweep,single_reversal,Adaptive-SW-TS,Adaptive threshold=0.06 cooldown=300,threshold_cooldown,0.06|300,62046,10000,228.86999999999998,1219.0,0.5657
adaptive_sweep,single_reversal,Adaptive-SW-TS,Adaptive threshold=0.06 cooldown=600,threshold_cooldown,0.06|600,62046,10000,246.73,1209.0,0.5372
adaptive_sweep,single_reversal,Adaptive-SW-TS,Adaptive threshold=0.08 cooldown=100,threshold_cooldown,0.08|100,62046,10000,200.51999999999998,1263.0,0.623
adaptive_sweep,single_reversal,Adaptive-SW-TS,Adaptive threshold=0.08 cooldown=300,threshold_cooldown,0.08|300,62046,10000,206.0,1255.0,0.612
adaptive_sweep,single_reversal,Adaptive-SW-TS,Adaptive threshold=0.08 cooldown=600,threshold_cooldown,0.08|600,62046,10000,231.39,1227.0,0.5508
adaptive_sweep,single_reversal,SW-TS,SW-TS W=2000,window,2000,62047,10000,174.44,1330.0,0.6453
adaptive_sweep,single_reversal,Adaptive-SW-TS,Adaptive threshold=0.02 cooldown=100,threshold_cooldown,0.02|100,62047,10000,337.01,1176.0,0.4111
adaptive_sweep,single_reversal,Adaptive-SW-TS,Adaptive threshold=0.02 cooldown=300,threshold_cooldown,0.02|300,62047,10000,312.17999999999995,1189.0,0.4354
adaptive_sweep,single_reversal,Adaptive-SW-TS,Adaptive threshold=0.02 cooldown=600,threshold_cooldown,0.02|600,62047,10000,319.7299999999999,1193.0,0.3992
adaptive_sweep,single_reversal,Adaptive-SW-TS,Adaptive threshold=0.04 cooldown=100,threshold_cooldown,0.04|100,62047,10000,221.39,1273.0,0.5815
adaptive_sweep,single_reversal,Adaptive-SW-TS,Adaptive threshold=0.04 cooldown=300,threshold_cooldown,0.04|300,62047,10000,261.09,1234.0,0.5003
adaptive_sweep,single_reversal,Adaptive-SW-TS,Adaptive threshold=0.04 cooldown=600,threshold_cooldown,0.04|600,62047,10000,291.46999999999997,1217.0,0.4668
adaptive_sweep,single_reversal,Adaptive-SW-TS,Adaptive threshold=0.06 cooldown=100,threshold_cooldown,0.06|100,62047,10000,181.83999999999997,1320.0,0.6543
adaptive_sweep,single_reversal,Adaptive-SW-TS,Adaptive threshold=0.06 cooldown=300,threshold_cooldown,0.06|300,62047,10000,276.62,1222.0,0.4518
adaptive_sweep,single_reversal,Adaptive-SW-TS,Adaptive threshold=0.06 cooldown=600,threshold_cooldown,0.06|600,62047,10000,270.0,1240.0,0.498
adaptive_sweep,single_reversal,Adaptive-SW-TS,Adaptive threshold=0.08 cooldown=100,threshold_cooldown,0.08|100,62047,10000,215.60999999999999,1281.0,0.6149
adaptive_sweep,single_reversal,Adaptive-SW-TS,Adaptive threshold=0.08 cooldown=300,threshold_cooldown,0.08|300,62047,10000,232.32999999999998,1276.0,0.551
adaptive_sweep,single_reversal,Adaptive-SW-TS,Adaptive threshold=0.08 cooldown=600,threshold_cooldown,0.08|600,62047,10000,246.83999999999997,1253.0,0.5205
adaptive_sweep,single_reversal,SW-TS,SW-TS W=2000,window,2000,62048,10000,219.75,1324.0,0.5826
adaptive_sweep,single_reversal,Adaptive-SW-TS,Adaptive threshold=0.02 cooldown=100,threshold_cooldown,0.02|100,62048,10000,295.61999999999995,1266.0,0.4283
adaptive_sweep,single_reversal,Adaptive-SW-TS,Adaptive threshold=0.02 cooldown=300,threshold_cooldown,0.02|300,62048,10000,325.18999999999994,1214.0,0.399
adaptive_sweep,single_reversal,Adaptive-SW-TS,Adaptive threshold=0.02 cooldown=600,threshold_cooldown,0.02|600,62048,10000,340.26,1209.0,0.3804
adaptive_sweep,single_reversal,Adaptive-SW-TS,Adaptive threshold=0.04 cooldown=100,threshold_cooldown,0.04|100,62048,10000,253.81999999999996,1291.0,0.5062
adaptive_sweep,single_reversal,Adaptive-SW-TS,Adaptive threshold=0.04 cooldown=300,threshold_cooldown,0.04|300,62048,10000,275.94999999999993,1264.0,0.4968
adaptive_sweep,single_reversal,Adaptive-SW-TS,Adaptive threshold=0.04 cooldown=600,threshold_cooldown,0.04|600,62048,10000,281.94999999999993,1269.0,0.4541
adaptive_sweep,single_reversal,Adaptive-SW-TS,Adaptive threshold=0.06 cooldown=100,threshold_cooldown,0.06|100,62048,10000,219.34999999999997,1340.0,0.5527
adaptive_sweep,single_reversal,Adaptive-SW-TS,Adaptive threshold=0.06 cooldown=300,threshold_cooldown,0.06|300,62048,10000,237.47999999999996,1317.0,0.4983
adaptive_sweep,single_reversal,Adaptive-SW-TS,Adaptive threshold=0.06 cooldown=600,threshold_cooldown,0.06|600,62048,10000,250.26999999999998,1293.0,0.5072
adaptive_sweep,single_reversal,Adaptive-SW-TS,Adaptive threshold=0.08 cooldown=100,threshold_cooldown,0.08|100,62048,10000,197.85,1345.0,0.6223
adaptive_sweep,single_reversal,Adaptive-SW-TS,Adaptive threshold=0.08 cooldown=300,threshold_cooldown,0.08|300,62048,10000,243.19,1313.0,0.5285
adaptive_sweep,single_reversal,Adaptive-SW-TS,Adaptive threshold=0.08 cooldown=600,threshold_cooldown,0.08|600,62048,10000,243.19,1303.0,0.5222
adaptive_sweep,single_reversal,SW-TS,SW-TS W=2000,window,2000,62049,10000,139.86999999999998,1428.0,0.795
adaptive_sweep,single_reversal,Adaptive-SW-TS,Adaptive threshold=0.02 cooldown=100,threshold_cooldown,0.02|100,62049,10000,323.12,1227.0,0.4112
adaptive_sweep,single_reversal,Adaptive-SW-TS,Adaptive threshold=0.02 cooldown=300,threshold_cooldown,0.02|300,62049,10000,326.84999999999997,1233.0,0.4023
adaptive_sweep,single_reversal,Adaptive-SW-TS,Adaptive threshold=0.02 cooldown=600,threshold_cooldown,0.02|600,62049,10000,324.31999999999994,1221.0,0.4158
adaptive_sweep,single_reversal,Adaptive-SW-TS,Adaptive threshold=0.04 cooldown=100,threshold_cooldown,0.04|100,62049,10000,251.89999999999998,1308.0,0.4955
adaptive_sweep,single_reversal,Adaptive-SW-TS,Adaptive threshold=0.04 cooldown=300,threshold_cooldown,0.04|300,62049,10000,255.45999999999995,1309.0,0.5471
adaptive_sweep,single_reversal,Adaptive-SW-TS,Adaptive threshold=0.04 cooldown=600,threshold_cooldown,0.04|600,62049,10000,284.84999999999997,1285.0,0.4927
adaptive_sweep,single_reversal,Adaptive-SW-TS,Adaptive threshold=0.06 cooldown=100,threshold_cooldown,0.06|100,62049,10000,234.88,1316.0,0.5468
adaptive_sweep,single_reversal,Adaptive-SW-TS,Adaptive threshold=0.06 cooldown=300,threshold_cooldown,0.06|300,62049,10000,219.1,1352.0,0.5861
adaptive_sweep,single_reversal,Adaptive-SW-TS,Adaptive threshold=0.06 cooldown=600,threshold_cooldown,0.06|600,62049,10000,252.29999999999995,1309.0,0.5303
adaptive_sweep,single_reversal,Adaptive-SW-TS,Adaptive threshold=0.08 cooldown=100,threshold_cooldown,0.08|100,62049,10000,198.26999999999998,1367.0,0.647
adaptive_sweep,single_reversal,Adaptive-SW-TS,Adaptive threshold=0.08 cooldown=300,threshold_cooldown,0.08|300,62049,10000,198.26999999999998,1367.0,0.647
adaptive_sweep,single_reversal,Adaptive-SW-TS,Adaptive threshold=0.08 cooldown=600,threshold_cooldown,0.08|600,62049,10000,198.26999999999998,1367.0,0.647
adaptive_sweep,single_reversal,SW-TS,SW-TS W=2000,window,2000,62050,10000,192.66999999999996,1340.0,0.6439
adaptive_sweep,single_reversal,Adaptive-SW-TS,Adaptive threshold=0.02 cooldown=100,threshold_cooldown,0.02|100,62050,10000,325.02,1183.0,0.3864
adaptive_sweep,single_reversal,Adaptive-SW-TS,Adaptive threshold=0.02 cooldown=300,threshold_cooldown,0.02|300,62050,10000,332.28999999999996,1186.0,0.382
adaptive_sweep,single_reversal,Adaptive-SW-TS,Adaptive threshold=0.02 cooldown=600,threshold_cooldown,0.02|600,62050,10000,355.46999999999997,1147.0,0.3545
adaptive_sweep,single_reversal,Adaptive-SW-TS,Adaptive threshold=0.04 cooldown=100,threshold_cooldown,0.04|100,62050,10000,286.28999999999996,1244.0,0.4823
adaptive_sweep,single_reversal,Adaptive-SW-TS,Adaptive threshold=0.04 cooldown=300,threshold_cooldown,0.04|300,62050,10000,306.28,1215.0,0.4083
adaptive_sweep,single_reversal,Adaptive-SW-TS,Adaptive threshold=0.04 cooldown=600,threshold_cooldown,0.04|600,62050,10000,309.97999999999996,1207.0,0.4173
adaptive_sweep,single_reversal,Adaptive-SW-TS,Adaptive threshold=0.06 cooldown=100,threshold_cooldown,0.06|100,62050,10000,221.52999999999997,1287.0,0.5438
adaptive_sweep,single_reversal,Adaptive-SW-TS,Adaptive threshold=0.06 cooldown=300,threshold_cooldown,0.06|300,62050,10000,280.62,1264.0,0.4506
adaptive_sweep,single_reversal,Adaptive-SW-TS,Adaptive threshold=0.06 cooldown=600,threshold_cooldown,0.06|600,62050,10000,288.16999999999996,1216.0,0.4513
adaptive_sweep,single_reversal,Adaptive-SW-TS,Adaptive threshold=0.08 cooldown=100,threshold_cooldown,0.08|100,62050,10000,225.02999999999997,1292.0,0.5688
adaptive_sweep,single_reversal,Adaptive-SW-TS,Adaptive threshold=0.08 cooldown=300,threshold_cooldown,0.08|300,62050,10000,212.03999999999996,1305.0,0.6387
adaptive_sweep,single_reversal,Adaptive-SW-TS,Adaptive threshold=0.08 cooldown=600,threshold_cooldown,0.08|600,62050,10000,269.14,1264.0,0.486
adaptive_sweep,single_reversal,SW-TS,SW-TS W=2000,window,2000,62051,10000,150.56999999999996,1337.0,0.7408
adaptive_sweep,single_reversal,Adaptive-SW-TS,Adaptive threshold=0.02 cooldown=100,threshold_cooldown,0.02|100,62051,10000,319.27,1178.0,0.4319
adaptive_sweep,single_reversal,Adaptive-SW-TS,Adaptive threshold=0.02 cooldown=300,threshold_cooldown,0.02|300,62051,10000,327.49,1144.0,0.384
adaptive_sweep,single_reversal,Adaptive-SW-TS,Adaptive threshold=0.02 cooldown=600,threshold_cooldown,0.02|600,62051,10000,335.0799999999999,1160.0,0.3946
adaptive_sweep,single_reversal,Adaptive-SW-TS,Adaptive threshold=0.04 cooldown=100,threshold_cooldown,0.04|100,62051,10000,288.00999999999993,1218.0,0.4892
adaptive_sweep,single_reversal,Adaptive-SW-TS,Adaptive threshold=0.04 cooldown=300,threshold_cooldown,0.04|300,62051,10000,314.99999999999994,1154.0,0.4371
adaptive_sweep,single_reversal,Adaptive-SW-TS,Adaptive threshold=0.04 cooldown=600,threshold_cooldown,0.04|600,62051,10000,300.15,1188.0,0.4447
adaptive_sweep,single_reversal,Adaptive-SW-TS,Adaptive threshold=0.06 cooldown=100,threshold_cooldown,0.06|100,62051,10000,223.46999999999997,1243.0,0.5775
adaptive_sweep,single_reversal,Adaptive-SW-TS,Adaptive threshold=0.06 cooldown=300,threshold_cooldown,0.06|300,62051,10000,254.66999999999996,1229.0,0.498
adaptive_sweep,single_reversal,Adaptive-SW-TS,Adaptive threshold=0.06 cooldown=600,threshold_cooldown,0.06|600,62051,10000,226.57999999999998,1250.0,0.5439
adaptive_sweep,single_reversal,Adaptive-SW-TS,Adaptive threshold=0.08 cooldown=100,threshold_cooldown,0.08|100,62051,10000,216.51,1277.0,0.5524
adaptive_sweep,single_reversal,Adaptive-SW-TS,Adaptive threshold=0.08 cooldown=300,threshold_cooldown,0.08|300,62051,10000,222.07999999999998,1276.0,0.5581
adaptive_sweep,single_reversal,Adaptive-SW-TS,Adaptive threshold=0.08 cooldown=600,threshold_cooldown,0.08|600,62051,10000,244.13,1250.0,0.4928
adaptive_sweep,single_reversal,SW-TS,SW-TS W=2000,window,2000,62052,10000,178.35999999999999,1318.0,0.6793
adaptive_sweep,single_reversal,Adaptive-SW-TS,Adaptive threshold=0.02 cooldown=100,threshold_cooldown,0.02|100,62052,10000,328.3599999999999,1155.0,0.3917
adaptive_sweep,single_reversal,Adaptive-SW-TS,Adaptive threshold=0.02 cooldown=300,threshold_cooldown,0.02|300,62052,10000,367.84,1094.0,0.3336
adaptive_sweep,single_reversal,Adaptive-SW-TS,Adaptive threshold=0.02 cooldown=600,threshold_cooldown,0.02|600,62052,10000,342.03,1171.0,0.3956
adaptive_sweep,single_reversal,Adaptive-SW-TS,Adaptive threshold=0.04 cooldown=100,threshold_cooldown,0.04|100,62052,10000,259.9,1229.0,0.5003
adaptive_sweep,single_reversal,Adaptive-SW-TS,Adaptive threshold=0.04 cooldown=300,threshold_cooldown,0.04|300,62052,10000,274.46,1222.0,0.5005
adaptive_sweep,single_reversal,Adaptive-SW-TS,Adaptive threshold=0.04 cooldown=600,threshold_cooldown,0.04|600,62052,10000,274.63,1215.0,0.4758
adaptive_sweep,single_reversal,Adaptive-SW-TS,Adaptive threshold=0.06 cooldown=100,threshold_cooldown,0.06|100,62052,10000,239.41999999999996,1246.0,0.5385
adaptive_sweep,single_reversal,Adaptive-SW-TS,Adaptive threshold=0.06 cooldown=300,threshold_cooldown,0.06|300,62052,10000,253.68999999999994,1235.0,0.5027
adaptive_sweep,single_reversal,Adaptive-SW-TS,Adaptive threshold=0.06 cooldown=600,threshold_cooldown,0.06|600,62052,10000,238.40999999999997,1248.0,0.5432
adaptive_sweep,single_reversal,Adaptive-SW-TS,Adaptive threshold=0.08 cooldown=100,threshold_cooldown,0.08|100,62052,10000,234.98999999999998,1253.0,0.5613
adaptive_sweep,single_reversal,Adaptive-SW-TS,Adaptive threshold=0.08 cooldown=300,threshold_cooldown,0.08|300,62052,10000,281.55999999999995,1203.0,0.4885
adaptive_sweep,single_reversal,Adaptive-SW-TS,Adaptive threshold=0.08 cooldown=600,threshold_cooldown,0.08|600,62052,10000,258.41999999999996,1238.0,0.5134
adaptive_sweep,single_reversal,SW-TS,SW-TS W=2000,window,2000,62053,10000,192.57999999999998,1278.0,0.6052
adaptive_sweep,single_reversal,Adaptive-SW-TS,Adaptive threshold=0.02 cooldown=100,threshold_cooldown,0.02|100,62053,10000,320.3399999999999,1157.0,0.3926
adaptive_sweep,single_reversal,Adaptive-SW-TS,Adaptive threshold=0.02 cooldown=300,threshold_cooldown,0.02|300,62053,10000,330.16999999999996,1132.0,0.3767
adaptive_sweep,single_reversal,Adaptive-SW-TS,Adaptive threshold=0.02 cooldown=600,threshold_cooldown,0.02|600,62053,10000,356.99999999999994,1123.0,0.3335
adaptive_sweep,single_reversal,Adaptive-SW-TS,Adaptive threshold=0.04 cooldown=100,threshold_cooldown,0.04|100,62053,10000,266.65999999999997,1207.0,0.4715
adaptive_sweep,single_reversal,Adaptive-SW-TS,Adaptive threshold=0.04 cooldown=300,threshold_cooldown,0.04|300,62053,10000,294.78,1182.0,0.4238
adaptive_sweep,single_reversal,Adaptive-SW-TS,Adaptive threshold=0.04 cooldown=600,threshold_cooldown,0.04|600,62053,10000,291.88,1176.0,0.4004
adaptive_sweep,single_reversal,Adaptive-SW-TS,Adaptive threshold=0.06 cooldown=100,threshold_cooldown,0.06|100,62053,10000,220.54999999999995,1237.0,0.5501
adaptive_sweep,single_reversal,Adaptive-SW-TS,Adaptive threshold=0.06 cooldown=300,threshold_cooldown,0.06|300,62053,10000,251.42,1233.0,0.4959
adaptive_sweep,single_reversal,Adaptive-SW-TS,Adaptive threshold=0.06 cooldown=600,threshold_cooldown,0.06|600,62053,10000,252.12,1223.0,0.4923
adaptive_sweep,single_reversal,Adaptive-SW-TS,Adaptive threshold=0.08 cooldown=100,threshold_cooldown,0.08|100,62053,10000,189.07,1275.0,0.6221
adaptive_sweep,single_reversal,Adaptive-SW-TS,Adaptive threshold=0.08 cooldown=300,threshold_cooldown,0.08|300,62053,10000,200.47,1263.0,0.5943
adaptive_sweep,single_reversal,Adaptive-SW-TS,Adaptive threshold=0.08 cooldown=600,threshold_cooldown,0.08|600,62053,10000,206.89,1266.0,0.5828
adaptive_sweep,single_reversal,SW-TS,SW-TS W=2000,window,2000,62054,10000,146.33999999999997,1360.0,0.754
adaptive_sweep,single_reversal,Adaptive-SW-TS,Adaptive threshold=0.02 cooldown=100,threshold_cooldown,0.02|100,62054,10000,321.48,1180.0,0.407
adaptive_sweep,single_reversal,Adaptive-SW-TS,Adaptive threshold=0.02 cooldown=300,threshold_cooldown,0.02|300,62054,10000,316.22,1191.0,0.4145
adaptive_sweep,single_reversal,Adaptive-SW-TS,Adaptive threshold=0.02 cooldown=600,threshold_cooldown,0.02|600,62054,10000,318.21999999999997,1199.0,0.4507
adaptive_sweep,single_reversal,Adaptive-SW-TS,Adaptive threshold=0.04 cooldown=100,threshold_cooldown,0.04|100,62054,10000,252.88,1271.0,0.5583
adaptive_sweep,single_reversal,Adaptive-SW-TS,Adaptive threshold=0.04 cooldown=300,threshold_cooldown,0.04|300,62054,10000,291.96999999999997,1193.0,0.4668
adaptive_sweep,single_reversal,Adaptive-SW-TS,Adaptive threshold=0.04 cooldown=600,threshold_cooldown,0.04|600,62054,10000,298.4599999999999,1203.0,0.4368
adaptive_sweep,single_reversal,Adaptive-SW-TS,Adaptive threshold=0.06 cooldown=100,threshold_cooldown,0.06|100,62054,10000,220.09999999999997,1283.0,0.5991
adaptive_sweep,single_reversal,Adaptive-SW-TS,Adaptive threshold=0.06 cooldown=300,threshold_cooldown,0.06|300,62054,10000,233.67999999999998,1265.0,0.5735
adaptive_sweep,single_reversal,Adaptive-SW-TS,Adaptive threshold=0.06 cooldown=600,threshold_cooldown,0.06|600,62054,10000,272.15999999999997,1242.0,0.5216
adaptive_sweep,single_reversal,Adaptive-SW-TS,Adaptive threshold=0.08 cooldown=100,threshold_cooldown,0.08|100,62054,10000,233.01999999999998,1272.0,0.5951
adaptive_sweep,single_reversal,Adaptive-SW-TS,Adaptive threshold=0.08 cooldown=300,threshold_cooldown,0.08|300,62054,10000,256.05999999999995,1261.0,0.5545
adaptive_sweep,single_reversal,Adaptive-SW-TS,Adaptive threshold=0.08 cooldown=600,threshold_cooldown,0.08|600,62054,10000,276.79999999999995,1224.0,0.5143
adaptive_sweep,single_reversal,SW-TS,SW-TS W=2000,window,2000,62055,10000,182.30999999999997,1293.0,0.6888
adaptive_sweep,single_reversal,Adaptive-SW-TS,Adaptive threshold=0.02 cooldown=100,threshold_cooldown,0.02|100,62055,10000,311.61,1174.0,0.4472
adaptive_sweep,single_reversal,Adaptive-SW-TS,Adaptive threshold=0.02 cooldown=300,threshold_cooldown,0.02|300,62055,10000,343.03,1126.0,0.3642
adaptive_sweep,single_reversal,Adaptive-SW-TS,Adaptive threshold=0.02 cooldown=600,threshold_cooldown,0.02|600,62055,10000,340.34999999999997,1130.0,0.382
adaptive_sweep,single_reversal,Adaptive-SW-TS,Adaptive threshold=0.04 cooldown=100,threshold_cooldown,0.04|100,62055,10000,264.22999999999996,1213.0,0.4944
adaptive_sweep,single_reversal,Adaptive-SW-TS,Adaptive threshold=0.04 cooldown=300,threshold_cooldown,0.04|300,62055,10000,305.01,1189.0,0.4038
adaptive_sweep,single_reversal,Adaptive-SW-TS,Adaptive threshold=0.04 cooldown=600,threshold_cooldown,0.04|600,62055,10000,298.84,1176.0,0.4515
adaptive_sweep,single_reversal,Adaptive-SW-TS,Adaptive threshold=0.06 cooldown=100,threshold_cooldown,0.06|100,62055,10000,234.16999999999996,1257.0,0.5618
adaptive_sweep,single_reversal,Adaptive-SW-TS,Adaptive threshold=0.06 cooldown=300,threshold_cooldown,0.06|300,62055,10000,262.96,1200.0,0.4763
adaptive_sweep,single_reversal,Adaptive-SW-TS,Adaptive threshold=0.06 cooldown=600,threshold_cooldown,0.06|600,62055,10000,255.54999999999998,1232.0,0.5363
adaptive_sweep,single_reversal,Adaptive-SW-TS,Adaptive threshold=0.08 cooldown=100,threshold_cooldown,0.08|100,62055,10000,211.77999999999997,1276.0,0.6329
adaptive_sweep,single_reversal,Adaptive-SW-TS,Adaptive threshold=0.08 cooldown=300,threshold_cooldown,0.08|300,62055,10000,236.32,1260.0,0.5663
adaptive_sweep,single_reversal,Adaptive-SW-TS,Adaptive threshold=0.08 cooldown=600,threshold_cooldown,0.08|600,62055,10000,225.98999999999998,1264.0,0.583
